ric,data_load,status,capitalization,avg_volume,price
AMFPY.PK,2026-03-18,new,2.1,,36.67
AMKAF.PK,2026-03-18,new,39.1,0.0,2755.66
APAJF.PK,2026-03-18,new,8.5,0.0,6.68
AVVSY.PK,2026-03-18,new,2.1,0.02,11.1
BABWF.PK,2026-03-18,new,21.9,0.03,5.0
BKRIF.PK,2026-03-18,new,17.2,0.0,18.18
BNDSY.PK,2026-03-18,new,17.7,0.0,7.02
BPOPO.PK,2026-03-18,new,8.4,0.0,25.1
BVHMY.PK,2026-03-18,new,1.6,,5.12
BZQIY.PK,2026-03-18,new,7.6,0.0,13.85
CARCY.PK,2026-03-18,new,1.5,,6.05
CDEVY.PK,2026-03-18,new,6.3,0.0,6.77
CDGLY.PK,2026-03-18,new,2.5,0.0,22.69
CDPYF.PK,2026-03-18,new,4.1,0.02,26.35
CRDIY.PK,2026-03-18,new,9.9,0.01,25.28
DTNOF.PK,2026-03-18,new,1.7,0.01,2.0
EDRWY.PK,2026-03-18,new,4.6,,25.2
ELALF.PK,2026-03-18,new,2.5,0.01,4.2
ERNXY.PK,2026-03-18,new,16.6,0.0,32.68
EXPGF.PK,2026-03-18,new,33.4,0.0,37.39
FJTNY.PK,2026-03-18,new,4.1,,11.85
FOSUY.PK,2026-03-18,new,4.0,0.0,12.46
GBLBY.PK,2026-03-18,new,12.1,0.0,8.84
GPMXY.PK,2026-03-18,new,81.1,0.0,21.03
HMKIY.PK,2026-03-18,new,3.6,,8.35
JEXYY.PK,2026-03-18,new,8.4,,25.7
JHPCY.PK,2026-03-18,new,52.0,,16.72
JTKWY.PK,2026-03-18,new,4.9,0.0,4.25
JVCZY.PK,2026-03-18,new,1.2,-1.0,29.5
KGTHY.PK,2026-03-18,new,2.4,0.0,9.14
KIKOY.PK,2026-03-18,new,8.1,0.0,18.35
KNCRY.PK,2026-03-18,new,8.3,0.0,21.1
KPELF.PK,2026-03-18,new,17.5,0.0,9.65
MAAS.O,2026-03-18,new,2.0,0.0,5.71
MALRY.PK,2026-03-18,new,7.1,0.0,37.01
MAURY.PK,2026-03-18,new,3.5,0.0,38.04
MGAWY.PK,2026-03-18,new,1.2,0.0,7.25
MIESY.PK,2026-03-18,new,4.3,,42.05
NSHBY.PK,2026-03-18,new,1.6,,19.3
OCDGF.PK,2026-03-18,new,2.3,0.0,2.61
OKIEY.PK,2026-03-18,new,1.5,,17.15
PAFRY.PK,2026-03-18,new,3.8,0.0,37.3
PGPHF.PK,2026-03-18,new,27.6,0.0,1070.0
PMDIY.PK,2026-03-18,new,9.0,0.0,18.52
PRK.N,2026-03-18,new,2.9,0.0,152.96
PUMSY.PK,2026-03-18,new,3.6,0.02,2.42
RMYHY.PK,2026-03-18,new,6.5,-1.0,7.18
SFRGY.PK,2026-03-18,new,1.3,0.0,3.95
SGGKY.PK,2026-03-18,new,27.3,0.0,87.75
SHNWF.PK,2026-03-18,new,12.3,0.0,7.5
SJMHF.PK,2026-03-18,new,2.0,-1.0,0.27
SLFPY.PK,2026-03-18,new,5.1,0.0,11.35
SNHIY.PK,2026-03-18,new,26.4,,11.37
SOHVY.PK,2026-03-18,new,3.9,0.0,8.18
SOTDY.PK,2026-03-18,new,2.1,,9.4
SPKOY.PK,2026-03-18,new,1.3,,19.53
SVMB.PK,2026-03-18,new,1.1,,1.9
TAVHY.PK,2026-03-18,new,2.4,0.0,26.32
THKLY.PK,2026-03-18,new,3.6,0.0,15.46
TKCBY.PK,2026-03-18,new,1.3,-1.0,23.5
TRKNY.PK,2026-03-18,new,4.7,-1.0,4.13
WILYY.PK,2026-03-18,new,6.0,0.0,13.45
XYIGY.PK,2026-03-18,new,5.8,0.0,26.53
YAMCY.PK,2026-03-18,new,3.5,0.0,6.89
YOKEY.PK,2026-03-18,new,8.4,0.0,68.55
ZSHGY.PK,2026-03-18,new,2.4,0.0,10.0
ADRZY.PK,2026-03-16,new,7.5,0.0,15.08
AJMPF.PK,2026-03-16,new,2.1,0.05,2.7
ALSSF.PK,2026-03-16,new,2.6,0.0,3.16
AOMFF.PK,2026-03-16,new,12.9,0.0,26.8
ARLUF.PK,2026-03-16,new,20.0,0.0,30.55
BKFKY.PK,2026-03-16,new,2.9,,11.92
BOSSY.PK,2026-03-16,new,3.0,0.0,8.87
BWOFY.PK,2026-03-16,new,1.0,,12.1
CGHLY.PK,2026-03-16,new,5.5,0.0,25.5
CHCJY.PK,2026-03-16,new,58.3,0.02,17.98
CHVKY.PK,2026-03-16,new,7.5,,0.17
CMGMY.PK,2026-03-16,new,1.9,0.01,7.05
CRBJY.PK,2026-03-16,new,27.8,,38.2
CWYUF.PK,2026-03-16,new,2.8,0.01,19.84
DNFGF.PK,2026-03-16,new,10.1,0.0,1.2
DRDGF.PK,2026-03-16,new,2.8,0.0,3.15
DTNOY.PK,2026-03-16,new,1.8,0.0,18.0
EIPAF.PK,2026-03-16,new,76.2,0.0,26.51
EXETF.PK,2026-03-16,new,1.8,0.0,19.58
FBASF.PK,2026-03-16,new,5.7,0.0,1.55
FMCKL.PK,2026-03-16,new,3.4,0.0,9.75
FNMFN.PK,2026-03-16,new,7.1,0.04,19.95
FOVSY.PK,2026-03-16,new,8.4,-1.0,13.9
FREGP.PK,2026-03-16,new,3.4,0.0,17.35
FREJN.PK,2026-03-16,new,3.4,0.0,17.5
FRTAY.PK,2026-03-16,new,3.7,,15.79
GDNGY.PK,2026-03-16,new,1.6,,3.35
GXYEF.PK,2026-03-16,new,20.6,0.0,5.04
HKSHY.PK,2026-03-16,new,1.4,0.0,17.5
JBFCY.PK,2026-03-16,new,3.4,0.0,12.83
JSGRY.PK,2026-03-16,new,3.0,0.0,21.48
JUMSY.PK,2026-03-16,new,3.6,0.01,26.8
KLYCY.PK,2026-03-16,new,9.3,0.0,11.75
KPELY.PK,2026-03-16,new,17.3,0.0,19.37
LGNYZ.PK,2026-03-16,new,4.1,,0.05
MCHVY.PK,2026-03-16,new,5.9,0.0,19.89
MDIBY.PK,2026-03-16,new,14.5,0.0,18.02
MPFRY.PK,2026-03-16,new,12.9,0.01,7.96
MTCPY.PK,2026-03-16,new,25.6,-1.0,12.24
NWARF.PK,2026-03-16,new,1.6,0.0,1.51
PBSFY.PK,2026-03-16,new,1.1,0.0,1.19
PCWLF.PK,2026-03-16,new,6.0,0.0,0.76
PRRFY.PK,2026-03-16,new,2.2,0.0,13.07
RDEIF.PK,2026-03-16,new,9.3,0.0,17.01
SGBAF.PK,2026-03-16,new,3.2,0.0,6.7
SMTGY.PK,2026-03-16,new,1.3,0.0,3.89
SQNNY.PK,2026-03-16,new,6.1,0.0,8.5
SVNDF.PK,2026-03-16,new,33.2,0.0,12.28
SWRBY.PK,2026-03-16,new,13.6,0.0,9.05
TAPa.N,2026-03-16,new,7.8,0.0,48.79
TLLXY.PK,2026-03-16,new,31.3,,59.86
TSHTY.PK,2026-03-16,new,1.0,,9.04
TYIDY.PK,2026-03-16,new,42.0,0.18,129.4
UPCHY.PK,2026-03-16,new,4.4,-1.0,98.99
VLVCY.PK,2026-03-16,new,6.9,0.0,5.0
WTSHF.PK,2026-03-16,new,1.4,0.0,23.66
WUXAY.PK,2026-03-16,new,39.7,0.0,13.72
XTEPY.PK,2026-03-16,new,1.8,-1.0,60.77
ZLIOY.PK,2026-03-16,new,11.0,0.0,11.74
AKRBY.PK,2026-03-13,new,20.8,0.0,15.4
ALEUY.PK,2026-03-13,new,7.9,,7.4
ARCAY.PK,2026-03-13,new,3.0,0.0,37.0
ATVDY.PK,2026-03-13,new,1.2,0.0,5.6
AZLUD.PK,2026-03-13,new,2.3,,6.5
AZLUY.PK,2026-03-13,new,2.2,,6.5
BACRP.PK,2026-03-13,new,335.3,0.0,302.0
BBN.N,2026-03-13,Старый,0.99,,16.05
BCHEY.PK,2026-03-13,new,1.9,,15.37
BDRAF.PK,2026-03-13,new,17.9,0.0,177.66
BDWBY.PK,2026-03-13,new,12.7,0.0,3.92
BLUMY.PK,2026-03-13,new,2.0,,1.78
BMXXY.PK,2026-03-13,new,12.9,0.0,11.01
BMYMP.PK,2026-03-13,new,120.3,0.0,780.5
BORAY.PK,2026-03-13,new,1.8,0.0,3.17
CCZ.N,2026-03-13,new,58.2,,63.67
CFEIY.PK,2026-03-13,new,4.3,,4.99
DTCWY.PK,2026-03-13,new,9.5,0.0,11.84
EGRAY.PK,2026-03-13,Новый,1.01,,0.01
ERMAY.PK,2026-03-13,new,1.8,0.0,5.95
EVEX.K,2026-03-13,Старый,0.97,,2.78
FLIDY.PK,2026-03-13,new,4.6,0.0,7.65
FPRUY.PK,2026-03-13,new,7.8,0.0,40.55
FRBP.PK,2026-03-13,new,1.4,,9.5
FREJO.PK,2026-03-13,new,3.5,,18.85
FSUN.O,2026-03-13,Старый,0.98,,35.06
GLIBB.PK,2026-03-13,new,1.5,,37.01
GRBMF.PK,2026-03-13,new,14.4,0.0,3.45
GWLLY.PK,2026-03-13,new,22.9,0.0,16.21
GZPZY.PK,2026-03-13,new,8.5,0.0,45.76
HINOY.PK,2026-03-13,new,1.4,0.0,23.97
HMNTY.PK,2026-03-13,new,1.2,0.0,12.65
HYSNY.PK,2026-03-13,new,2.4,0.0,4.41
IDCBF.PK,2026-03-13,new,351.2,0.0,0.81
IMPJY.PK,2026-03-13,new,2.9,0.0,6.0
IRDEY.PK,2026-03-13,new,3.8,,30.0
JDHIY.PK,2026-03-13,new,20.1,,7.0
KNYJF.PK,2026-03-13,new,29.5,0.0,62.35
KRNTY.PK,2026-03-13,new,4.4,,71.54
LOBLY.PK,2026-03-13,new,54.4,,11.37
MRTN.O,2026-03-13,Старый,0.99,,11.46
NBGIF.PK,2026-03-13,new,13.7,0.0,15.0
NEMKY.PK,2026-03-13,new,9.2,0.0,16.93
NPPHY.PK,2026-03-13,new,15.6,0.0,3.32
NXGPY.PK,2026-03-13,new,20.8,0.0,85.39
OERLY.PK,2026-03-13,new,1.7,0.0,10.15
OGFGY.PK,2026-03-13,new,14.2,0.0,8.23
OROVY.PK,2026-03-13,new,12.0,0.0,91.0
OSSUY.PK,2026-03-13,new,1.8,0.0,3.67
PRBKY.PK,2026-03-13,new,10.4,,8.6
PTJSY.PK,2026-03-13,new,1.3,-1.0,3.62
PTNDY.PK,2026-03-13,new,3.5,,17.0
PXED.K,2026-03-13,Старый,0.98,,27.48
RHLD.O,2026-03-13,Старый,0.98,,0.0
SAEYY.PK,2026-03-13,new,1.0,0.0,4.97
SITIY.PK,2026-03-13,new,11.6,0.0,43.11
SRHBY.PK,2026-03-13,new,1.4,-1.0,7.84
SWOBY.PK,2026-03-13,new,14.2,0.0,18.6
SZHFY.PK,2026-03-13,new,8.2,,396.01
TBABY.PK,2026-03-13,new,7.7,0.0,38.03
THDDY.PK,2026-03-13,new,2.2,,19.5
TSGTY.PK,2026-03-13,new,10.6,0.0,30.05
UNLRY.PK,2026-03-13,new,4.2,0.01,2.27
WILWY.PK,2026-03-13,new,5.1,0.0,24.21
WWNTY.PK,2026-03-13,new,7.1,0.0,28.87
WYNMF.PK,2026-03-13,new,3.8,0.0,0.71
ABDBY.PK,2026-03-12,new,3.6,0.0,5.0
AMBBY.PK,2026-03-12,new,2.6,0.0,11.11
AOREF.PK,2026-03-12,new,5.8,0.0,1225.0
ARXCY.PK,2026-03-12,new,11.7,0.0,18.59
BAWAY.PK,2026-03-12,new,10.7,0.0,34.84
BCCMY.PK,2026-03-12,new,1.6,0.0,2.01
BCHMY.PK,2026-03-12,new,5.7,0.0,7.71
BLMOY.PK,2026-03-12,new,11.1,0.0,8.99
BRELY.PK,2026-03-12,new,1.0,0.0,19.0
BWVTF.PK,2026-03-12,new,72.0,0.0,85.0
BXCAP.PK,2026-03-12,new,3.41,,
CHHQY.PK,2026-03-12,new,51.1,0.0,51.22
CLBEY.PK,2026-03-12,new,2.6,0.0,4.65
CMHHY.PK,2026-03-12,new,9.1,0.0,21.6
CRCBY.PK,2026-03-12,new,10.8,0.0,39.0
DELKY.PK,2026-03-12,new,6.4,0.0,34.0
FHNGY.PK,2026-03-12,new,1.6,0.0,4.4
FMCKK.PK,2026-03-12,new,3.5,0.0,16.8
FQVTY.PK,2026-03-12,new,1.3,0.0,11.04
FWONB.PK,2026-03-12,new,21.1,0.0,77.0
GGGSY.PK,2026-03-12,new,2.3,0.0,7.55
GNENY.PK,2026-03-12,new,20.1,0.01,7.62
IDTRY.PK,2026-03-12,new,8.6,0.0,11.75
INFQ.N,2026-03-12,new,2.47,,
KONMY.PK,2026-03-12,new,18.4,0.0,61.68
KRNGY.PK,2026-03-12,new,1.02,,2.52
LBRDB.PK,2026-03-12,new,7.2,0.0,48.02
LNDMY.PK,2026-03-12,new,22.5,0.0,35.5
LOIMY.PK,2026-03-12,new,3.1,0.0,92.68
MTPVY.PK,2026-03-12,new,1.7,0.01,13.95
NECPY.PK,2026-03-12,new,36.1,0.0,14.92
NIABY.PK,2026-03-12,new,6.7,0.0,3.8
OSGSY.PK,2026-03-12,new,15.8,0.0,81.05
PHPPY.PK,2026-03-12,new,2.6,0.0,10.65
SPGNY.PK,2026-03-12,new,3.4,0.0,8.75
SYANY.PK,2026-03-12,new,6.9,0.0,16.0
THUPY.PK,2026-03-12,new,2.4,0.0,11.0
TKYMY.PK,2026-03-12,new,1.8,0.0,11.88
WLWHY.PK,2026-03-12,new,3.1,0.0,3.15
WLYB.N,2026-03-12,new,1.9,0.0,36.58
YLDGY.PK,2026-03-12,new,1.0,,
ABX.N,2026-03-11,new,1.0,,
ABXL.N,2026-03-11,new,1.0,,
AEBZY.PK,2026-03-11,old,2.4,0.0,0.37
AGLXY.PK,2026-03-11,old,4.2,0.0,6.2
AGMa.N,2026-03-11,old,1.6,0.0,129.01
AJINY.PK,2026-03-11,old,27.1,0.03,27.96
AKOa.N,2026-03-11,old,4.0,0.0,23.11
AMSSY.PK,2026-03-11,new,1.0,,
ANSLY.PK,2026-03-11,old,3.0,0.0,84.18
APELY.PK,2026-03-11,old,2.8,0.0,27.01
ARRPY.PK,2026-03-11,new,12.1,0.0,12.45
AXIA_pc.N,2026-03-11,departed,33.73,,
BACHF.PK,2026-03-11,old,235.2,0.12,0.57
BATRB.PK,2026-03-11,new,2.8,0.0,57.0
BJCHY.PK,2026-03-11,old,1.1,0.0,1.19
BLFBY.PK,2026-03-11,new,5.0,0.0,21.0
BNCDY.PK,2026-03-11,old,14.6,0.0,39.66
BSDGY.PK,2026-03-11,old,6.1,0.01,26.1
BYSD.PK,2026-03-11,old,0.0,0.0,1.0
CEVMY.PK,2026-03-11,new,7.7,0.0,20.0
CHDRF.PK,2026-03-11,old,98.3,0.0,568.0
CHDRY.PK,2026-03-11,old,98.3,0.0,145.48
CLZNY.PK,2026-03-11,old,3.3,0.0,9.57
CMRE_pc.K,2026-03-11,departed,2.05,,
CMRE_pd.K,2026-03-11,departed,2.05,,
CMTOY.PK,2026-03-11,old,4.2,0.0,16.75
COGNY.PK,2026-03-11,old,1.2,0.0,0.61
CSXXY.PK,2026-03-11,old,6.6,0.0,38.11
CYGIY.PK,2026-03-11,old,4.4,0.0,4.42
DBRG_ph.K,2026-03-11,departed,2.81,,
DBRG_pi.K,2026-03-11,departed,2.81,,
DBRG_pj.K,2026-03-11,departed,2.81,,
DUAVF.PK,2026-03-11,old,31.3,0.0,395.0
ELMUY.PK,2026-03-11,new,8.4,0.0,25.0
ERIXF.PK,2026-03-11,old,39.5,0.25,11.4
FMCCK.PK,2026-03-11,old,3.5,0.0,18.12
FMCCO.PK,2026-03-11,old,3.5,0.0,18.0
FMCKM.PK,2026-03-11,old,3.5,0.0,10.25
FMCKO.PK,2026-03-11,old,3.5,0.01,10.45
FMCKP.PK,2026-03-11,old,3.5,0.0,18.0
FNMAG.PK,2026-03-11,old,7.0,0.0,18.54
FNMAP.PK,2026-03-11,old,7.0,0.0,16.94
FNMFM.PK,2026-03-11,new,7.1,0.0,17.35
FORTY.O,2026-03-11,old,1.9,0.0,126.0
FOUR_pa.K,2026-03-11,departed,3.83,,
FREJP.PK,2026-03-11,new,3.6,0.0,17.64
GGDVY.PK,2026-03-11,old,6.2,0.0,47.25
GJNSY.PK,2026-03-11,old,13.7,0.0,27.52
GNENF.PK,2026-03-11,old,20.1,0.0,7.82
GWLLF.PK,2026-03-11,old,22.5,0.0,1.63
HDL.O,2026-03-11,old,1.1,0.0,16.46
HKMPY.PK,2026-03-11,old,3.6,0.0,31.8
IAUGY.PK,2026-03-11,old,12.1,0.0,24.65
IDKOY.PK,2026-03-11,old,11.7,0.0,17.95
IESFY.PK,2026-03-11,old,8.0,0.0,200.0
IIPR_pa.K,2026-03-11,departed,1.53,,
INPAP.PK,2026-03-11,new,20.5,0.0,74.75
JAPAF.PK,2026-03-11,old,71.2,0.0,34.16
JDCMF.PK,2026-03-11,old,44.6,0.0,15.48
JPDYY.PK,2026-03-11,new,2.6,0.0,5.71
JXAMY.PK,2026-03-11,new,24.6,0.0,52.2
KAIKY.PK,2026-03-11,old,10.7,0.0,16.86
KERCY.PK,2026-03-11,new,4.2,0.0,16.07
KHOLY.PK,2026-03-11,old,11.3,0.0,22.07
KTWIY.PK,2026-03-11,new,6.0,0.0,101.68
KURRY.PK,2026-03-11,old,3.3,0.0,31.82
LCSHF.PK,2026-03-11,old,2.0,0.0,8.55
LFCBY.PK,2026-03-11,new,13.7,0.0,15.8
LLESY.PK,2026-03-11,old,1.7,0.0,2.6
LNZNY.PK,2026-03-11,new,1.0,,
LTGHY.PK,2026-03-11,new,1.0,,
MAWHY.PK,2026-03-11,old,2.3,0.0,11.7
MCARY.PK,2026-03-11,old,3.5,0.0,11.13
MINBY.PK,2026-03-11,new,7.7,0.0,18.11
MOGb.N,2026-03-11,old,9.7,0.0,312.27
MTPOY.PK,2026-03-11,old,5.2,0.0,25.27
MXCHY.PK,2026-03-11,old,2.1,0.0,2.14
NDCVF.PK,2026-03-11,old,3.0,0.0,15.12
NDVLY.PK,2026-03-11,old,3.0,0.0,0.6
NEXNY.PK,2026-03-11,new,6.1,0.0,68.73
NGKSY.PK,2026-03-11,old,9.7,0.0,25.85
NHC.N,2026-03-11,old,2.4,0.0,156.57
NKRKY.PK,2026-03-11,old,1.5,0.0,5.55
NRXXY.PK,2026-03-11,new,11.9,0.0,25.12
NSANF.PK,2026-03-11,old,8.9,0.01,2.28
OCLDY.PK,2026-03-11,old,6.5,0.0,14.8
OEZVY.PK,2026-03-11,old,12.9,0.0,17.03
OUTKY.PK,2026-03-11,old,2.7,0.0,3.21
OXFYY.PK,2026-03-11,new,1.6,0.0,6.9
PCFBY.PK,2026-03-11,old,2.1,0.0,7.93
PCTTU.O,2026-03-11,old,1.0,0.0,6.2
PHMMF.PK,2026-03-11,old,1.6,0.0,92.19
PINXY.PK,2026-03-11,new,51.2,0.0,16.36
PLDGP.PK,2026-03-11,new,124.9,0.0,52.83
PNFP_pa.K,2026-03-11,departed,13.2,,
PNFP_pb.K,2026-03-11,departed,13.2,,
PNFP_pc.K,2026-03-11,departed,13.2,,
PSEC_pa.K,2026-03-11,departed,1.29,,
PSGTY.PK,2026-03-11,new,1.0,0.0,3.11
RBGPF.PK,2026-03-11,old,46.0,0.0,74.17
REXR_pb.K,2026-03-11,departed,8.27,,
REXR_pc.K,2026-03-11,departed,8.27,,
RITM_pa.K,2026-03-11,departed,5.47,,
RITM_pb.K,2026-03-11,departed,5.47,,
RITM_pc.K,2026-03-11,departed,5.47,,
RITM_pd.K,2026-03-11,departed,5.47,,
RITM_pe.K,2026-03-11,departed,5.47,,
RITPF.PK,2026-03-11,old,4.0,0.0,30.0
RKAGY.PK,2026-03-11,new,1.0,,
RSMDF.PK,2026-03-11,old,33.9,0.0,21.96
RYKKY.PK,2026-03-11,old,13.0,0.0,11.78
SCABY.PK,2026-03-11,new,8.8,0.0,12.56
SCGPY.PK,2026-03-11,old,4.4,0.0,3.79
SDXOF.PK,2026-03-11,old,7.6,0.0,51.3
SDZXF.PK,2026-03-11,old,34.5,0.0,79.9
SNPMF.PK,2026-03-11,old,106.5,0.01,0.66
SPIIY.PK,2026-03-11,new,9.5,0.0,14.41
SPNT_pb.K,2026-03-11,departed,2.42,,
STOHF.PK,2026-03-11,old,87.7,0.6,34.13
SVNLF.PK,2026-03-11,old,29.7,0.0,15.61
TIAIY.PK,2026-03-11,new,15.5,0.0,8.0
TINLY.PK,2026-03-11,old,2.0,0.0,9.9
TKECF.PK,2026-03-11,old,6.5,0.0,3.94
TKGSY.PK,2026-03-11,old,17.9,0.0,24.13
TKHVY.PK,2026-03-11,old,9.2,0.0,70.15
TOIPY.PK,2026-03-11,old,3.5,0.0,16.18
TPRKY.PK,2026-03-11,old,1.7,0.01,8.15
TYIDF.PK,2026-03-11,old,42.1,0.0,128.8
UFGSY.PK,2026-03-11,old,16.1,0.0,11.3
USSJY.PK,2026-03-11,old,5.2,0.0,23.75
VIRDY.PK,2026-03-11,old,1.0,0.0,137.35
VNORP.PK,2026-03-11,new,5.0,0.0,58.6
VOPKF.PK,2026-03-11,old,6.4,0.0,56.35
WARFY.PK,2026-03-11,old,9.2,0.0,5.88
WXIBF.PK,2026-03-11,old,18.6,0.01,4.6
WZZZY.PK,2026-03-11,old,1.2,0.0,3.68
ZTCOF.PK,2026-03-11,old,24.2,0.0,2.7
ABR_pd.N,2026-03-10,new,1.6,,
ABR_pe.N,2026-03-10,new,1.6,,
ABR_pf.N,2026-03-10,new,1.6,,
ACLLY.PK,2026-03-10,old,8.1,0.0,86.62
AGM_pd.N,2026-03-10,new,1.7,,
AGM_pe.N,2026-03-10,new,1.7,,
AGM_pf.N,2026-03-10,new,1.7,,
AGM_pg.N,2026-03-10,new,1.7,,
AGM_ph.N,2026-03-10,new,1.7,,
AGRPY.PK,2026-03-10,old,13.1,0.0,29.23
AHL_pd.N,2026-03-10,new,0.2,,
AHODF.PK,2026-03-10,old,42.3,0.0,47.88
AMH_pg.N,2026-03-10,new,10.7,,
AMH_ph.N,2026-03-10,new,10.7,,
APNHY.PK,2026-03-10,old,3.8,0.0,8.86
ARR_pc.N,2026-03-10,new,2.1,,
ASEKY.PK,2026-03-10,old,11.7,0.0,15.3
ATROB.PK,2026-03-10,old,2.6,0.0,69.39
AXIA_p.N,2026-03-10,new,33.7,,
AXS_pe.N,2026-03-10,new,7.5,,
BAC_pe.N,2026-03-10,new,343.8,,
BAC_pl.N,2026-03-10,new,343.8,,
BAC_pm.N,2026-03-10,new,343.8,,
BEP_pa.N,2026-03-10,new,9.2,,
BEPTF.PK,2026-03-10,old,1.9,0.0,0.81
BFFAF.PK,2026-03-10,old,47.8,0.0,52.55
BIP_pa.N,2026-03-10,new,24.0,,
BIP_pb.N,2026-03-10,new,24.0,,
BKQNY.PK,2026-03-10,old,3.2,0.0,9.75
BML_pg.N,2026-03-10,new,343.8,,
BML_ph.N,2026-03-10,new,343.8,,
BML_pj.N,2026-03-10,new,343.8,,
BML_pl.N,2026-03-10,new,343.8,,
BOMXF.PK,2026-03-10,old,1.2,0.03,2.18
BPXXY.PK,2026-03-10,old,25.7,0.0,25.78
BVNRY.PK,2026-03-10,old,2.3,0.01,9.58
CCOJY.PK,2026-03-10,old,4.4,0.0,13.91
CELJF.PK,2026-03-10,old,2.2,0.0,12.3
CET.N,2026-03-10,old,1.5,0.0,51.38
CHRYY.PK,2026-03-10,old,2.4,0.0,27.92
CHYCY.PK,2026-03-10,old,1.8,0.0,6.97
CICOY.PK,2026-03-10,old,34.3,0.0,9.65
CIM_pa.N,2026-03-10,new,1.1,,
CIM_pb.N,2026-03-10,new,1.1,,
CIM_pc.N,2026-03-10,new,1.1,,
CIM_pd.N,2026-03-10,new,1.1,,
CMRE_pb.K,2026-03-10,old,,0.0,25.82
DLR_pj.N,2026-03-10,new,61.7,,
DLR_pk.N,2026-03-10,new,61.7,,
DLR_pl.N,2026-03-10,new,61.7,,
DMZPY.PK,2026-03-10,old,1.2,0.0,7.11
DNFGY.PK,2026-03-10,old,10.1,0.0,58.0
DVDCF.PK,2026-03-10,old,9.0,0.0,7.26
DWVYF.PK,2026-03-10,old,2.5,0.0,23.25
DX_pc.N,2026-03-10,new,2.7,,
EFC_pa.N,2026-03-10,new,1.5,,
EFC_pb.N,2026-03-10,new,1.5,,
EFC_pc.N,2026-03-10,new,1.5,,
ENDTF.PK,2026-03-10,old,2.3,0.05,12.3
EPR_pc.N,2026-03-10,new,4.4,,
EPR_pe.N,2026-03-10,new,4.4,,
EPR_pg.N,2026-03-10,new,4.4,,
EQH_pc.N,2026-03-10,new,11.1,,
FKURF.PK,2026-03-10,old,48.0,0.0,159.8
FMCCH.PK,2026-03-10,old,3.6,0.0,16.92
FMCCN.PK,2026-03-10,old,3.6,0.01,15.18
FMCCT.PK,2026-03-10,old,3.6,0.0,19.86
FNMAK.PK,2026-03-10,old,7.1,0.0,18.4
FNMAL.PK,2026-03-10,old,7.1,0.0,17.75
FRT_pc.N,2026-03-10,new,9.2,,
FSPKF.PK,2026-03-10,old,13.5,0.0,22.31
FUWAY.PK,2026-03-10,old,13.3,0.01,89.46
GAB_ph.N,2026-03-10,new,1.8,,
GAB_pk.N,2026-03-10,new,1.8,,
GAM_pb.N,2026-03-10,new,1.6,,
GDV_ph.N,2026-03-10,new,2.4,,
GLP_pb.N,2026-03-10,new,1.6,,
GNL_pa.N,2026-03-10,new,2.0,,
GNL_pb.N,2026-03-10,new,2.0,,
GNL_pd.N,2026-03-10,new,2.0,,
GNL_pe.N,2026-03-10,new,2.0,,
GRP_u.N,2026-03-10,new,3.8,,
GS_pa.N,2026-03-10,new,246.9,,
GS_pd.N,2026-03-10,new,246.9,,
GSL_pb.N,2026-03-10,new,1.4,,
HKUOY.PK,2026-03-10,old,2.6,0.0,13.77
HL_pb.N,2026-03-10,new,14.1,0.0,68.11
HLPPY.PK,2026-03-10,old,6.0,0.0,6.01
HMDPF.PK,2026-03-10,old,1.3,0.0,142.3
HNDAF.PK,2026-03-10,old,42.1,0.1,9.78
IIJIY.PK,2026-03-10,old,2.7,0.0,28.39
JINFF.PK,2026-03-10,old,9.0,0.0,23.24
JPM_pc.N,2026-03-10,new,781.9,,
JPM_pj.N,2026-03-10,new,781.9,,
KEY_pi.N,2026-03-10,new,21.5,,
KIM_pl.N,2026-03-10,new,15.6,,
KKR_pd.N,2026-03-10,new,81.1,,
KLBAY.PK,2026-03-10,old,4.8,0.0,7.67
LGRVF.PK,2026-03-10,old,42.2,0.0,166.0
LMPMY.PK,2026-03-10,old,2.1,0.0,4.68
LXP_pc.N,2026-03-10,new,2.8,,
MAA_pi.N,2026-03-10,new,15.4,,
MAHLY.PK,2026-03-10,old,3.9,0.0,18.19
MEJHY.PK,2026-03-10,old,6.9,0.0,12.1
MET_pa.N,2026-03-10,new,46.1,,
MFA_pb.N,2026-03-10,new,1.0,,
MFA_pc.N,2026-03-10,new,1.0,,
MGPUF.PK,2026-03-10,old,9.7,0.0,4.12
MITFY.PK,2026-03-10,old,3.1,0.0,9.21
MMSMY.PK,2026-03-10,old,11.8,0.0,39.98
MPNGF.PK,2026-03-10,old,61.1,0.0,10.2
MRPLY.PK,2026-03-10,old,2.8,0.0,10.53
MS_pa.N,2026-03-10,new,254.8,,
MS_pe.N,2026-03-10,new,254.8,,
MS_pf.N,2026-03-10,new,254.8,,
MS_pi.N,2026-03-10,new,254.8,,
MS_pk.N,2026-03-10,new,254.8,,
MTB_ph.N,2026-03-10,new,31.1,,
NEE_ps.N,2026-03-10,new,191.7,,
NEE_pt.N,2026-03-10,new,191.7,,
NETTF.PK,2026-03-10,old,73.0,0.0,23.64
NGL_pb.N,2026-03-10,new,1.4,,
NGL_pc.N,2026-03-10,new,1.4,,
NLY_pf.N,2026-03-10,new,15.9,,
NLY_pg.N,2026-03-10,new,15.9,,
NLY_pi.N,2026-03-10,new,15.9,,
NLY_pj.N,2026-03-10,new,15.9,,
NPIFF.PK,2026-03-10,old,4.1,0.08,15.74
NPPNY.PK,2026-03-10,old,2.5,0.02,8.45
NSA_pa.N,2026-03-10,new,2.6,,
NSA_pb.N,2026-03-10,new,2.6,0.0,23.25
NVSEF.PK,2026-03-10,old,328.3,0.0,156.48
ORINY.PK,2026-03-10,old,11.2,0.0,41.04
OXLCN.O,2026-03-10,old,0.9,0.0,24.31
PEB_pe.N,2026-03-10,new,1.4,,
PEB_pf.N,2026-03-10,new,1.4,,
PEB_pg.N,2026-03-10,new,1.4,,
PEB_ph.N,2026-03-10,new,1.4,,
PMT_pa.N,2026-03-10,new,1.0,,
PMT_pb.N,2026-03-10,new,1.0,,
PMT_pc.N,2026-03-10,new,1.0,,
PROSF.PK,2026-03-10,old,126.3,0.0,52.4
PSA_pf.N,2026-03-10,new,53.8,,
PSA_pg.N,2026-03-10,new,53.8,,
PTXKY.PK,2026-03-10,old,3.0,0.0,3.4
PYTCY.PK,2026-03-10,old,1.5,0.01,9.53
RBSFY.PK,2026-03-10,old,4.3,0.0,8.18
RF_pc.N,2026-03-10,new,23.3,,
RGRNF.PK,2026-03-10,old,4.3,0.0,5.63
RIOCF.PK,2026-03-10,old,4.1,0.18,14.16
RLJ_pa.N,2026-03-10,new,1.2,,
SHCAY.PK,2026-03-10,old,2.6,0.0,0.92
SHO_ph.N,2026-03-10,new,1.8,,
SHO_pi.N,2026-03-10,new,1.8,,
SHWDY.PK,2026-03-10,old,14.0,0.0,71.0
SIELY.PK,2026-03-10,old,19.0,0.0,11.55
SINGF.PK,2026-03-10,old,16.5,0.08,5.08
SLG_pi.N,2026-03-10,new,2.8,,
SPG_pj.N,2026-03-10,new,62.7,,
SSAAY.PK,2026-03-10,old,8.1,0.0,4.16
STJPF.PK,2026-03-10,old,9.2,0.0,17.5
STT_pg.N,2026-03-10,new,34.0,,
SUOPY.PK,2026-03-10,old,3.8,0.0,21.42
SVKEF.PK,2026-03-10,old,41.7,0.0,20.64
TELNF.PK,2026-03-10,old,24.2,0.0,17.68
TKGBY.PK,2026-03-10,old,13.3,0.01,3.23
TUFBY.PK,2026-03-10,old,1.5,0.0,7.57
TWO_pa.N,2026-03-10,new,1.0,,
TWO_pb.N,2026-03-10,new,1.0,,
TYOYY.PK,2026-03-10,old,3.4,0.0,103.3
UMH_pd.N,2026-03-10,new,1.3,,
USB_ph.N,2026-03-10,new,81.0,,
UTGPF.PK,2026-03-10,old,3.5,0.0,6.54
VEMLY.PK,2026-03-10,old,3.6,0.0,59.99
VLKPF.PK,2026-03-10,old,53.7,0.0,104.73
VNO_pl.N,2026-03-10,new,5.1,,
VNO_pm.N,2026-03-10,new,5.1,,
VNO_pn.N,2026-03-10,new,5.1,,
VNO_po.N,2026-03-10,new,5.1,,
WFC_pl.N,2026-03-10,new,243.2,,
WFC_py.N,2026-03-10,new,243.2,,
WSOb.N,2026-03-10,old,15.2,0.0,377.59
